{
  "CRIM": {
    "mean": 3.9092950742574257,
    "min": 0.00632,
    "max": 88.9762,
    "std": 9.096069652900432
  },
  "ZN": {
    "mean": 11.246287128712872,
    "min": 0.0,
    "max": 100.0,
    "std": 23.750864914677717
  },
  "INDUS": {
    "mean": 11.546039603960397,
    "min": 0.46,
    "max": 27.74,
    "std": 6.96317942114326
  },
  "CHAS": {
    "mean": 0.06683168316831684,
    "min": 0.0,
    "max": 1.0,
    "std": 0.2500399201599346
  },
  "NOX": {
    "mean": 0.558670792079208,
    "min": 0.385,
    "max": 0.871,
    "std": 0.1177713442098244
  },
  "RM": {
    "mean": 6.239108910891089,
    "min": 3.561,
    "max": 8.78,
    "std": 0.6720255504564572
  },
  "AGE": {
    "mean": 69.21806930693069,
    "min": 2.9,
    "max": 100.0,
    "std": 27.955163414362666
  },
  "DIS": {
    "mean": 3.7612900990099005,
    "min": 1.137,
    "max": 12.1265,
    "std": 2.1319020035883938
  },
  "RAD": {
    "mean": 9.935643564356436,
    "min": 1.0,
    "max": 24.0,
    "std": 8.928212002410303
  },
  "TAX": {
    "mean": 417.23267326732673,
    "min": 187.0,
    "max": 711.0,
    "std": 172.21550156544112
  },
  "PTRATIO": {
    "mean": 18.550990099009898,
    "min": 12.6,
    "max": 22.0,
    "std": 2.1420113017384343
  },
  "B": {
    "mean": 353.5539603960396,
    "min": 0.32,
    "max": 396.9,
    "std": 95.48314434107711
  },
  "LSTAT": {
    "mean": 13.062277227722772,
    "min": 1.92,
    "max": 37.97,
    "std": 7.062023923645415
  }
}